{"goal_bias": 0.2, "average_cost_of_path": 5.105088062083415, "average_execution_time": 1.649350357055664}