{"goal_bias": 0.2, "average_cost_of_path": 6.3617251235193315, "average_execution_time": 41.78723213672638}