{"average_cost_of_path": 5.915258671942737, "average_execution_time": 215.82797782421113}