{"goal_bias": 0.05, "average_cost_of_path": 12.519045583988579, "average_execution_time": 46.056574153900144}