{"goal_bias": 0.05, "average_cost_of_path": 10.044508434530293, "average_execution_time": 49.06203784942627}