{"average_cost_of_path": 7.934922636925293, "average_execution_time": 495.8085886716843}