{"goal_bias": 0.2, "average_cost_of_path": 13.630676969098122, "average_execution_time": 23.108728075027464}