{"goal_bias": 0.05, "average_cost_of_path": 5.576326960121884, "average_execution_time": 4.285687899589538}