{"goal_bias": 0.05, "average_cost_of_path": 9.292924189146785, "average_execution_time": 18.080822277069093}