{"goal_bias": 0.2, "average_cost_of_path": 17.003528279772816, "average_execution_time": 33.70833792686462}