{"goal_bias": 0.05, "average_cost_of_path": 4.673119072214818, "average_execution_time": 10.192942094802856}