{"goal_bias": 0.2, "average_cost_of_path": 6.442660279589947, "average_execution_time": 98.15192232131957}