{"goal_bias": 0.2, "average_cost_of_path": 10.37133329580873, "average_execution_time": 13.642518901824952}