{"goal_bias": 0.05, "average_cost_of_path": 12.128002520332151, "average_execution_time": 137.28702540397643}