{"goal_bias": 0.05, "average_cost_of_path": 8.794375576996213, "average_execution_time": 59.50206708908081}