{"goal_bias": 0.2, "average_cost_of_path": 21.73693751646345, "average_execution_time": 58.25039052963257}