{"goal_bias": 0.2, "average_cost_of_path": 17.03038486283184, "average_execution_time": 104.65892784595489}