{"goal_bias": 0.05, "average_cost_of_path": 11.468539298556479, "average_execution_time": 27.370490264892577}