{"goal_bias": 0.05, "average_cost_of_path": 12.626901130428624, "average_execution_time": 88.42778811454772}