{"goal_bias": 0.2, "average_cost_of_path": 11.924344769545014, "average_execution_time": 19.22932653427124}