{"goal_bias": 0.05, "average_cost_of_path": 13.483076977797612, "average_execution_time": 75.46880619525909}