{"goal_bias": 0.05, "average_cost_of_path": 14.428300253072134, "average_execution_time": 471.53529036045074}