{"goal_bias": 0.2, "average_cost_of_path": 2.9048306080377153, "average_execution_time": 32.104250288009645}