{"goal_bias": 0.05, "average_cost_of_path": 4.7296942348461135, "average_execution_time": 236.0141328573227}